file,f_nHz,k
kernel_1.csv,0.001,631.3000000000001
kernel_2.csv,0.001159364995043967,731.9071213712564
kernel_3.csv,0.0013441271917332988,848.5474961412316
kernel_4.csv,0.0015583340149823372,983.7762636583495
kernel_5.csv,0.0018066779075568442,1140.5557630406358
kernel_6.csv,0.0020945991233406853,1322.3204265649747
kernel_7.csv,0.002428404902250971,1533.052014791038
kernel_8.csv,0.0028154076374629446,1777.366841530357
kernel_9.csv,0.0032640850616539735,2060.6168994221534
kernel_10.csv,0.0037842659613275494,2389.007101386082
kernel_11.csv,0.004387345487499567,2769.7312062584765
kernel_12.csv,0.005086534779371106,3211.129406216979
kernel_13.csv,0.005897150369276548,3722.8710281242847
kernel_14.csv,0.0068369497086498395,4316.166351070644
kernel_15.csv,0.007926520165084673,5004.012180217955
kernel_16.csv,0.009189730011909304,5801.476556518343
kernel_17.csv,0.010654251289712624,6726.02883919558
kernel_18.csv,0.01235216599369486,7797.922391819567
kernel_19.csv,0.014320668866062307,9040.638255145135
kernel_20.csv,0.01660288218892862,10481.399525870638
kernel_21.csv,0.019248800426682804,12151.767709364854
kernel_22.csv,0.02231638541128343,14088.334110143229
kernel_23.csv,0.025872836061751867,16333.521405783955
kernel_24.csv,0.029996060452506336,18936.51296366725
kernel_25.csv,0.03477638247785856,21954.33025827211
kernel_26.csv,0.040318520499089607,25453.08199107527
kernel_27.csv,0.04674388131860712,29509.412276436677
kernel_28.csv,0.05419321973328273,34212.17961762139
kernel_29.csv,0.06282972192749396,39664.40345282693
kernel_30.csv,0.0728425802510829,45985.52091250863
kernel_31.csv,0.08445113769178648,53314.00322482481
kernel_32.csv,0.09790969283149546,61810.389084523085
kernel_33.csv,0.11351307054434312,71660.80143464381
kernel_34.csv,0.13160308046906782,83081.0247001225
kernel_35.csv,0.15257600473579175,96321.23178970533
kernel_36.csv,0.17689127897433948,111671.46441650053
kernel_37.csv,0.20508155677140627,129467.98678978877
kernel_38.csv,0.23776437804989045,150100.65186289584
kernel_39.csv,0.2756556969794431,174021.44150312245
kernel_40.csv,0.31958556576241365,201754.36766581176
kernel_41.csv,0.37051631786626404,233906.9514689725
kernel_42.csv,0.42956364902673005,271183.53163057467
kernel_43.csv,0.49802105782494377,314400.69380488707
kernel_44.csv,0.5773881812370071,364505.15881492256
kernel_45.csv,0.6694036458782878,422594.5216429631
kernel_46.csv,0.7760831545860953,489941.295490202
kernel_47.csv,0.8997636426704146,568020.7876178328
kernel_48.csv,1.043154471125328,658543.4176214196
kernel_49.csv,1.2093967782463078,763492.186106894
kernel_50.csv,1.4021322898177202,885166.1145619268
kernel_51.csv,1.6255830952355088,1026230.6080221768
kernel_52.csv,1.8846441371512719,1189775.843783598
kernel_53.csv,2.184990440728028,1379384.465231604
kernel_54.csv,2.5332014314857654,1599210.0636969637
kernel_55.csv,2.936905065059864,1854068.1675722923
kernel_56.csv,3.404944926197734,2149541.7319086296
kernel_57.csv,3.9475739574862163,2492103.439361049
kernel_58.csv,4.5766790616567,2889257.4916238748
kernel_59.csv,5.306041497635452,3349703.997457261
kernel_60.csv,6.151638774609209,3883529.5584107935
kernel_61.csv,7.1319946574370805,4502428.22724003
kernel_62.csv,8.268584950673148,5219957.6793599585
kernel_63.csv,9.586307950357794,6051836.209060876
kernel_64.csv,11.114029869356516,7016287.056524769
kernel_65.csv,12.885217184405017,8134437.608514887
kernel_66.csv,14.93866975713816,9430782.21768132
kernel_67.csv,17.31937078894794,10933718.779062835
kernel_68.csv,20.079472228893295,12676170.818100337
kernel_69.csv,23.279437221136348,14696308.717703378
kernel_70.csv,26.98936461850908,17038385.883664783
kernel_71.csv,31.290524577177596,19753708.16557222
kernel_72.csv,36.27713887134263,22901757.769478604
kernel_73.csv,42.05844492778353,26551496.282909747
kernel_74.csv,48.76108879525671,30782875.356445562
kernel_75.csv,56.531899469451226,35688588.13506456
kernel_76.csv,65.54110534822635,41376099.80633529
kernel_77.csv,75.98606327722256,47970001.7469106
kernel_78.csv,88.09558187480769,55614740.8375661
kernel_79.csv,102.134933843682,64477783.73551645
kernel_80.csv,118.41166706949627,74753285.420973
kernel_81.csv,137.2823418051744,86666342.38160661
kernel_82.csv,159.1603415265802,100477923.60573009
kernel_83.csv,184.52492856515974,116490587.40318535
kernel_84.csv,213.93174289143522,135055109.28736305
kernel_85.csv,248.024974037076,156578166.1096061
kernel_86.csv,287.5514727952746,181531244.77565688
kernel_87.csv,333.37711183217897,210460970.6996546
kernel_88.csv,386.50575360708615,244001082.25215352
kernel_89.csv,448.10124111514415,282886313.5159905
kernel_90.csv,519.5128931846556,327968489.4674731
kernel_91.csv,602.3050628323051,380235186.1660342
kernel_92.csv,698.2914061855316,440831364.7249261
kernel_93.csv,809.5746126715335,511084452.9795391
kernel_94.csv,938.5924668076539,592533424.2956719
kernel_95.csv,1088.1712506287627,686962510.5219378
kernel_96.csv,1261.5876565922026,796440287.6066575
kernel_97.csv,1462.6405672325488,923364990.0939082
kernel_98.csv,1695.7342739806688,1070517047.1639963
kernel_99.csv,1965.974958149483,1241119991.0797687
kernel_100.csv,2279.282547611543,1438911072.3071673
kernel_101.csv,2642.520399515457,1668223128.2141082
kernel_102.csv,3063.645649887819,1934079498.7741804
kernel_103.csv,3551.8835236986624,2242304068.510966
kernel_104.csv,4117.929423849648,2599648845.276283
kernel_105.csv,4774.1832260728615,3013941870.6197977
kernel_106.csv,5535.020912234953,3494258701.893926
kernel_107.csv,6417.10949248153,4051121222.6035895
kernel_108.csv,7439.772114947442,4696728136.166321
kernel_109.csv,8625.411361174285,5445222192.309326
kernel_110.csv,10000.0,6313000000.0
